url,page_title,status,fetched_at,error
https://data.bishopmuseum.org/ethnobotanydb/ethnobotany.php?b=d&ID=aalii,Bishop Museum - Ethnobotany Database,200,2025-08-16T02:33:53.658675Z,
https://data.bishopmuseum.org/ethnobotanydb/ethnobotany.php?b=d&ID=ae_S,Bishop Museum - Ethnobotany Database,200,2025-08-16T02:33:54.301434Z,
https://data.bishopmuseum.org/ethnobotanydb/ethnobotany.php?b=d&ID=ae_Z,Bishop Museum - Ethnobotany Database,200,2025-08-16T02:33:54.698053Z,
https://data.bishopmuseum.org/ethnobotanydb/ethnobotany.php?b=d&ID=ahakea,Bishop Museum - Ethnobotany Database,200,2025-08-16T02:33:55.155747Z,
https://data.bishopmuseum.org/ethnobotanydb/ethnobotany.php?b=d&ID=aheahea,Bishop Museum - Ethnobotany Database,200,2025-08-16T02:33:55.559102Z,
https://data.bishopmuseum.org/ethnobotanydb/ethnobotany.php?b=d&ID=ahuawa,Bishop Museum - Ethnobotany Database,200,2025-08-16T02:33:56.097291Z,
https://data.bishopmuseum.org/ethnobotanydb/ethnobotany.php?b=d&ID=aiea,Bishop Museum - Ethnobotany Database,200,2025-08-16T02:33:56.647424Z,
https://data.bishopmuseum.org/ethnobotanydb/ethnobotany.php?b=d&ID=akaakai,Bishop Museum - Ethnobotany Database,200,2025-08-16T02:33:57.140668Z,
https://data.bishopmuseum.org/ethnobotanydb/ethnobotany.php?b=d&ID=akala,Bishop Museum - Ethnobotany Database,200,2025-08-16T02:33:57.795007Z,
https://data.bishopmuseum.org/ethnobotanydb/ethnobotany.php?b=d&ID=akia,Bishop Museum - Ethnobotany Database,200,2025-08-16T02:33:58.329123Z,
https://data.bishopmuseum.org/ethnobotanydb/ethnobotany.php?b=d&ID=akoko,Bishop Museum - Ethnobotany Database,200,2025-08-16T02:33:58.786601Z,
https://data.bishopmuseum.org/ethnobotanydb/ethnobotany.php?b=d&ID=akolea,Bishop Museum - Ethnobotany Database,200,2025-08-16T02:33:59.196259Z,
https://data.bishopmuseum.org/ethnobotanydb/ethnobotany.php?b=d&ID=akulikuli,Bishop Museum - Ethnobotany Database,200,2025-08-16T02:33:59.566469Z,
https://data.bishopmuseum.org/ethnobotanydb/ethnobotany.php?b=d&ID=alaa,Bishop Museum - Ethnobotany Database,200,2025-08-16T02:34:00.262688Z,
https://data.bishopmuseum.org/ethnobotanydb/ethnobotany.php?b=d&ID=alaalawainui,Bishop Museum - Ethnobotany Database,200,2025-08-16T02:34:00.689960Z,
https://data.bishopmuseum.org/ethnobotanydb/ethnobotany.php?b=d&ID=alahee,Bishop Museum - Ethnobotany Database,200,2025-08-16T02:34:01.400985Z,
https://data.bishopmuseum.org/ethnobotanydb/ethnobotany.php?b=d&ID=alani,Bishop Museum - Ethnobotany Database,200,2025-08-16T02:34:01.845451Z,
https://data.bishopmuseum.org/ethnobotanydb/ethnobotany.php?b=d&ID=aliipoe,Bishop Museum - Ethnobotany Database,200,2025-08-16T02:34:02.533390Z,
https://data.bishopmuseum.org/ethnobotanydb/ethnobotany.php?b=d&ID=aloalo,Bishop Museum - Ethnobotany Database,200,2025-08-16T02:34:03.237005Z,
https://data.bishopmuseum.org/ethnobotanydb/ethnobotany.php?b=d&ID=amau,Bishop Museum - Ethnobotany Database,200,2025-08-16T02:34:03.625580Z,
https://data.bishopmuseum.org/ethnobotanydb/ethnobotany.php?b=d&ID=ape,Bishop Museum - Ethnobotany Database,200,2025-08-16T02:34:04.059693Z,
https://data.bishopmuseum.org/ethnobotanydb/ethnobotany.php?b=d&ID=auhuhu,Bishop Museum - Ethnobotany Database,200,2025-08-16T02:34:04.449229Z,
https://data.bishopmuseum.org/ethnobotanydb/ethnobotany.php?b=d&ID=awa,Bishop Museum - Ethnobotany Database,200,2025-08-16T02:34:04.837674Z,
https://data.bishopmuseum.org/ethnobotanydb/ethnobotany.php?b=d&ID=awapuhi,Bishop Museum - Ethnobotany Database,200,2025-08-16T02:34:05.527649Z,
https://data.bishopmuseum.org/ethnobotanydb/ethnobotany.php?b=d&ID=awikiwiki,Bishop Museum - Ethnobotany Database,200,2025-08-16T02:34:06.230784Z,
https://data.bishopmuseum.org/ethnobotanydb/ethnobotany.php?b=d&ID=hala,Bishop Museum - Ethnobotany Database,200,2025-08-16T02:34:06.620111Z,
https://data.bishopmuseum.org/ethnobotanydb/ethnobotany.php?b=d&ID=hala_pepe,Bishop Museum - Ethnobotany Database,200,2025-08-16T02:34:07.038183Z,
https://data.bishopmuseum.org/ethnobotanydb/ethnobotany.php?b=d&ID=hame,Bishop Museum - Ethnobotany Database,200,2025-08-16T02:34:07.529002Z,
https://data.bishopmuseum.org/ethnobotanydb/ethnobotany.php?b=d&ID=hao,Bishop Museum - Ethnobotany Database,200,2025-08-16T02:34:08.187077Z,
https://data.bishopmuseum.org/ethnobotanydb/ethnobotany.php?b=d&ID=hapuu,Bishop Museum - Ethnobotany Database,200,2025-08-16T02:34:08.749623Z,
https://data.bishopmuseum.org/ethnobotanydb/ethnobotany.php?b=d&ID=hau,Bishop Museum - Ethnobotany Database,200,2025-08-16T02:34:09.296275Z,
https://data.bishopmuseum.org/ethnobotanydb/ethnobotany.php?b=d&ID=hinahina,Bishop Museum - Ethnobotany Database,200,2025-08-16T02:34:09.994920Z,
https://data.bishopmuseum.org/ethnobotanydb/ethnobotany.php?b=d&ID=hoawa,Bishop Museum - Ethnobotany Database,200,2025-08-16T02:34:10.348808Z,
https://data.bishopmuseum.org/ethnobotanydb/ethnobotany.php?b=d&ID=hoi,Bishop Museum - Ethnobotany Database,200,2025-08-16T02:34:10.843545Z,
https://data.bishopmuseum.org/ethnobotanydb/ethnobotany.php?b=d&ID=holei,Bishop Museum - Ethnobotany Database,200,2025-08-16T02:34:11.513944Z,
https://data.bishopmuseum.org/ethnobotanydb/ethnobotany.php?b=d&ID=ieie,Bishop Museum - Ethnobotany Database,200,2025-08-16T02:34:12.020364Z,
https://data.bishopmuseum.org/ethnobotanydb/ethnobotany.php?b=d&ID=iliahi,Bishop Museum - Ethnobotany Database,200,2025-08-16T02:34:12.526127Z,
https://data.bishopmuseum.org/ethnobotanydb/ethnobotany.php?b=d&ID=iliee,Bishop Museum - Ethnobotany Database,200,2025-08-16T02:34:12.999325Z,
https://data.bishopmuseum.org/ethnobotanydb/ethnobotany.php?b=d&ID=ilima,Bishop Museum - Ethnobotany Database,200,2025-08-16T02:34:13.562188Z,
https://data.bishopmuseum.org/ethnobotanydb/ethnobotany.php?b=d&ID=ipu,Bishop Museum - Ethnobotany Database,200,2025-08-16T02:34:14.166462Z,
https://data.bishopmuseum.org/ethnobotanydb/ethnobotany.php?b=d&ID=kalia,Bishop Museum - Ethnobotany Database,200,2025-08-16T02:34:14.811071Z,
https://data.bishopmuseum.org/ethnobotanydb/ethnobotany.php?b=d&ID=kalo,Bishop Museum - Ethnobotany Database,200,2025-08-16T02:34:15.335863Z,
https://data.bishopmuseum.org/ethnobotanydb/ethnobotany.php?b=d&ID=kamani,Bishop Museum - Ethnobotany Database,200,2025-08-16T02:34:15.784056Z,
https://data.bishopmuseum.org/ethnobotanydb/ethnobotany.php?b=d&ID=kauila_A,Bishop Museum - Ethnobotany Database,200,2025-08-16T02:34:16.182350Z,
https://data.bishopmuseum.org/ethnobotanydb/ethnobotany.php?b=d&ID=kauila_C,Bishop Museum - Ethnobotany Database,200,2025-08-16T02:34:16.878697Z,
https://data.bishopmuseum.org/ethnobotanydb/ethnobotany.php?b=d&ID=kaunaoa,Bishop Museum - Ethnobotany Database,200,2025-08-16T02:34:17.398227Z,
https://data.bishopmuseum.org/ethnobotanydb/ethnobotany.php?b=d&ID=kawau,Bishop Museum - Ethnobotany Database,200,2025-08-16T02:34:17.756416Z,
https://data.bishopmuseum.org/ethnobotanydb/ethnobotany.php?b=d&ID=kawelu,Bishop Museum - Ethnobotany Database,200,2025-08-16T02:34:18.343696Z,
https://data.bishopmuseum.org/ethnobotanydb/ethnobotany.php?b=d&ID=ki,Bishop Museum - Ethnobotany Database,200,2025-08-16T02:34:18.794547Z,
https://data.bishopmuseum.org/ethnobotanydb/ethnobotany.php?b=d&ID=ki_nehe,Bishop Museum - Ethnobotany Database,200,2025-08-16T02:34:19.494339Z,
https://data.bishopmuseum.org/ethnobotanydb/ethnobotany.php?b=d&ID=ko,Bishop Museum - Ethnobotany Database,200,2025-08-16T02:34:20.025639Z,
https://data.bishopmuseum.org/ethnobotanydb/ethnobotany.php?b=d&ID=koa,Bishop Museum - Ethnobotany Database,200,2025-08-16T02:34:20.706615Z,
https://data.bishopmuseum.org/ethnobotanydb/ethnobotany.php?b=d&ID=koaia,Bishop Museum - Ethnobotany Database,200,2025-08-16T02:34:21.173392Z,
https://data.bishopmuseum.org/ethnobotanydb/ethnobotany.php?b=d&ID=koali_ai,Bishop Museum - Ethnobotany Database,200,2025-08-16T02:34:21.577518Z,
https://data.bishopmuseum.org/ethnobotanydb/ethnobotany.php?b=d&ID=koali_awa,Bishop Museum - Ethnobotany Database,200,2025-08-16T02:34:22.060141Z,
https://data.bishopmuseum.org/ethnobotanydb/ethnobotany.php?b=d&ID=kohekohe,Bishop Museum - Ethnobotany Database,200,2025-08-16T02:34:22.723945Z,
https://data.bishopmuseum.org/ethnobotanydb/ethnobotany.php?b=d&ID=kokio,Bishop Museum - Ethnobotany Database,200,2025-08-16T02:34:23.114135Z,
https://data.bishopmuseum.org/ethnobotanydb/ethnobotany.php?b=d&ID=kokio_keokeo,Bishop Museum - Ethnobotany Database,200,2025-08-16T02:34:23.690488Z,
https://data.bishopmuseum.org/ethnobotanydb/ethnobotany.php?b=d&ID=kolea,Bishop Museum - Ethnobotany Database,200,2025-08-16T02:34:24.363446Z,
https://data.bishopmuseum.org/ethnobotanydb/ethnobotany.php?b=d&ID=kolokolo_uahiwi,Bishop Museum - Ethnobotany Database,200,2025-08-16T02:34:24.958985Z,
https://data.bishopmuseum.org/ethnobotanydb/ethnobotany.php?b=d&ID=kolomona,Bishop Museum - Ethnobotany Database,200,2025-08-16T02:34:25.543564Z,
https://data.bishopmuseum.org/ethnobotanydb/ethnobotany.php?b=d&ID=kookoolau,Bishop Museum - Ethnobotany Database,200,2025-08-16T02:34:25.885742Z,
https://data.bishopmuseum.org/ethnobotanydb/ethnobotany.php?b=d&ID=kopiko,Bishop Museum - Ethnobotany Database,200,2025-08-16T02:34:26.390547Z,
https://data.bishopmuseum.org/ethnobotanydb/ethnobotany.php?b=d&ID=kou,Bishop Museum - Ethnobotany Database,200,2025-08-16T02:34:27.040829Z,
https://data.bishopmuseum.org/ethnobotanydb/ethnobotany.php?b=d&ID=kukaenene,Bishop Museum - Ethnobotany Database,200,2025-08-16T02:34:27.711539Z,
https://data.bishopmuseum.org/ethnobotanydb/ethnobotany.php?b=d&ID=kukaepuaa,Bishop Museum - Ethnobotany Database,200,2025-08-16T02:34:28.396230Z,
https://data.bishopmuseum.org/ethnobotanydb/ethnobotany.php?b=d&ID=kukui,Bishop Museum - Ethnobotany Database,200,2025-08-16T02:34:28.744828Z,
https://data.bishopmuseum.org/ethnobotanydb/ethnobotany.php?b=d&ID=kupukupu,Bishop Museum - Ethnobotany Database,200,2025-08-16T02:34:29.076746Z,
https://data.bishopmuseum.org/ethnobotanydb/ethnobotany.php?b=d&ID=laamia,Bishop Museum - Ethnobotany Database,200,2025-08-16T02:34:29.570536Z,
https://data.bishopmuseum.org/ethnobotanydb/ethnobotany.php?b=d&ID=lama,Bishop Museum - Ethnobotany Database,200,2025-08-16T02:34:30.132621Z,
https://data.bishopmuseum.org/ethnobotanydb/ethnobotany.php?b=d&ID=lauae,Bishop Museum - Ethnobotany Database,200,2025-08-16T02:34:30.711862Z,
https://data.bishopmuseum.org/ethnobotanydb/ethnobotany.php?b=d&ID=laukahi_kuahiwi,Bishop Museum - Ethnobotany Database,200,2025-08-16T02:34:31.198575Z,
https://data.bishopmuseum.org/ethnobotanydb/ethnobotany.php?b=d&ID=lehua_papa,Bishop Museum - Ethnobotany Database,200,2025-08-16T02:34:31.560184Z,
https://data.bishopmuseum.org/ethnobotanydb/ethnobotany.php?b=d&ID=loulu,Bishop Museum - Ethnobotany Database,200,2025-08-16T02:34:31.972928Z,
https://data.bishopmuseum.org/ethnobotanydb/ethnobotany.php?b=d&ID=maaloa,Bishop Museum - Ethnobotany Database,200,2025-08-16T02:34:32.387925Z,
https://data.bishopmuseum.org/ethnobotanydb/ethnobotany.php?b=d&ID=maia,Bishop Museum - Ethnobotany Database,200,2025-08-16T02:34:32.927984Z,
https://data.bishopmuseum.org/ethnobotanydb/ethnobotany.php?b=d&ID=maia_polapola,Bishop Museum - Ethnobotany Database,200,2025-08-16T02:34:33.466759Z,
https://data.bishopmuseum.org/ethnobotanydb/ethnobotany.php?b=d&ID=maile,Bishop Museum - Ethnobotany Database,200,2025-08-16T02:34:34.170429Z,
https://data.bishopmuseum.org/ethnobotanydb/ethnobotany.php?b=d&ID=makaloa,Bishop Museum - Ethnobotany Database,200,2025-08-16T02:34:34.677256Z,
https://data.bishopmuseum.org/ethnobotanydb/ethnobotany.php?b=d&ID=mamaki,Bishop Museum - Ethnobotany Database,200,2025-08-16T02:34:35.206718Z,
"https://data.bishopmuseum.org/ethnobotanydb/ethnobotany.php?b=d&ID=mamane,",Bishop Museum - Ethnobotany Database,200,2025-08-16T02:34:35.576710Z,
https://data.bishopmuseum.org/ethnobotanydb/ethnobotany.php?b=d&ID=manono,Bishop Museum - Ethnobotany Database,200,2025-08-16T02:34:36.244595Z,
https://data.bishopmuseum.org/ethnobotanydb/ethnobotany.php?b=d&ID=mao_A,Bishop Museum - Ethnobotany Database,200,2025-08-16T02:34:36.781130Z,
https://data.bishopmuseum.org/ethnobotanydb/ethnobotany.php?b=d&ID=mao_G,Bishop Museum - Ethnobotany Database,200,2025-08-16T02:34:37.353676Z,
https://data.bishopmuseum.org/ethnobotanydb/ethnobotany.php?b=d&ID=maua,Bishop Museum - Ethnobotany Database,200,2025-08-16T02:34:37.791504Z,
https://data.bishopmuseum.org/ethnobotanydb/ethnobotany.php?b=d&ID=mauu_laili,Bishop Museum - Ethnobotany Database,200,2025-08-16T02:34:38.346429Z,
https://data.bishopmuseum.org/ethnobotanydb/ethnobotany.php?b=d&ID=mehamehame,Bishop Museum - Ethnobotany Database,200,2025-08-16T02:34:38.685679Z,
https://data.bishopmuseum.org/ethnobotanydb/ethnobotany.php?b=d&ID=milo,Bishop Museum - Ethnobotany Database,200,2025-08-16T02:34:39.196056Z,
https://data.bishopmuseum.org/ethnobotanydb/ethnobotany.php?b=d&ID=moa,Bishop Museum - Ethnobotany Database,200,2025-08-16T02:34:39.891147Z,
https://data.bishopmuseum.org/ethnobotanydb/ethnobotany.php?b=d&ID=mokihana,Bishop Museum - Ethnobotany Database,200,2025-08-16T02:34:40.578820Z,
https://data.bishopmuseum.org/ethnobotanydb/ethnobotany.php?b=d&ID=naenae,Bishop Museum - Ethnobotany Database,200,2025-08-16T02:34:41.116338Z,
https://data.bishopmuseum.org/ethnobotanydb/ethnobotany.php?b=d&ID=naio,Bishop Museum - Ethnobotany Database,200,2025-08-16T02:34:41.518618Z,
https://data.bishopmuseum.org/ethnobotanydb/ethnobotany.php?b=d&ID=nanu,Bishop Museum - Ethnobotany Database,200,2025-08-16T02:34:41.954311Z,
https://data.bishopmuseum.org/ethnobotanydb/ethnobotany.php?b=d&ID=naupaka_kahakai,Bishop Museum - Ethnobotany Database,200,2025-08-16T02:34:42.297698Z,
https://data.bishopmuseum.org/ethnobotanydb/ethnobotany.php?b=d&ID=naupaka_kuahiwi,Bishop Museum - Ethnobotany Database,200,2025-08-16T02:34:42.855323Z,
https://data.bishopmuseum.org/ethnobotanydb/ethnobotany.php?b=d&ID=nehe,Bishop Museum - Ethnobotany Database,200,2025-08-16T02:34:43.551984Z,
https://data.bishopmuseum.org/ethnobotanydb/ethnobotany.php?b=d&ID=nioi,Bishop Museum - Ethnobotany Database,200,2025-08-16T02:34:44.044032Z,
https://data.bishopmuseum.org/ethnobotanydb/ethnobotany.php?b=d&ID=niu,Bishop Museum - Ethnobotany Database,200,2025-08-16T02:34:44.371580Z,
https://data.bishopmuseum.org/ethnobotanydb/ethnobotany.php?b=d&ID=noni,Bishop Museum - Ethnobotany Database,200,2025-08-16T02:34:44.813375Z,
https://data.bishopmuseum.org/ethnobotanydb/ethnobotany.php?b=d&ID=nuku_iiwi,Bishop Museum - Ethnobotany Database,200,2025-08-16T02:34:45.428951Z,
https://data.bishopmuseum.org/ethnobotanydb/ethnobotany.php?b=d&ID=ohai,Bishop Museum - Ethnobotany Database,200,2025-08-16T02:34:45.837161Z,
https://data.bishopmuseum.org/ethnobotanydb/ethnobotany.php?b=d&ID=oha_wai,Bishop Museum - Ethnobotany Database,200,2025-08-16T02:34:46.447062Z,
https://data.bishopmuseum.org/ethnobotanydb/ethnobotany.php?b=d&ID=ohe,Bishop Museum - Ethnobotany Database,200,2025-08-16T02:34:46.885299Z,
https://data.bishopmuseum.org/ethnobotanydb/ethnobotany.php?b=d&ID=ohelo,Bishop Museum - Ethnobotany Database,200,2025-08-16T02:34:47.536887Z,
https://data.bishopmuseum.org/ethnobotanydb/ethnobotany.php?b=d&ID=ohe_makai,Bishop Museum - Ethnobotany Database,200,2025-08-16T02:34:47.983084Z,
https://data.bishopmuseum.org/ethnobotanydb/ethnobotany.php?b=d&ID=ohe_ohe,Bishop Museum - Ethnobotany Database,200,2025-08-16T02:34:48.441319Z,
https://data.bishopmuseum.org/ethnobotanydb/ethnobotany.php?b=d&ID=ohia_ai,Bishop Museum - Ethnobotany Database,200,2025-08-16T02:34:49.033950Z,
https://data.bishopmuseum.org/ethnobotanydb/ethnobotany.php?b=d&ID=ohia_ha,Bishop Museum - Ethnobotany Database,200,2025-08-16T02:34:49.516656Z,
https://data.bishopmuseum.org/ethnobotanydb/ethnobotany.php?b=d&ID=ohia_lehua,Bishop Museum - Ethnobotany Database,200,2025-08-16T02:34:49.976104Z,
https://data.bishopmuseum.org/ethnobotanydb/ethnobotany.php?b=d&ID=okaha,Bishop Museum - Ethnobotany Database,200,2025-08-16T02:34:50.390346Z,
https://data.bishopmuseum.org/ethnobotanydb/ethnobotany.php?b=d&ID=olapa,Bishop Museum - Ethnobotany Database,200,2025-08-16T02:34:50.742744Z,
https://data.bishopmuseum.org/ethnobotanydb/ethnobotany.php?b=d&ID=olena,Bishop Museum - Ethnobotany Database,200,2025-08-16T02:34:51.127759Z,
https://data.bishopmuseum.org/ethnobotanydb/ethnobotany.php?b=d&ID=olomea,Bishop Museum - Ethnobotany Database,200,2025-08-16T02:34:51.716850Z,
https://data.bishopmuseum.org/ethnobotanydb/ethnobotany.php?b=d&ID=olona,Bishop Museum - Ethnobotany Database,200,2025-08-16T02:34:52.331294Z,
https://data.bishopmuseum.org/ethnobotanydb/ethnobotany.php?b=d&ID=olopua,Bishop Museum - Ethnobotany Database,200,2025-08-16T02:34:52.851625Z,
https://data.bishopmuseum.org/ethnobotanydb/ethnobotany.php?b=d&ID=opuhe,Bishop Museum - Ethnobotany Database,200,2025-08-16T02:34:53.503206Z,
https://data.bishopmuseum.org/ethnobotanydb/ethnobotany.php?b=d&ID=paihi,Bishop Museum - Ethnobotany Database,200,2025-08-16T02:34:54.072727Z,
https://data.bishopmuseum.org/ethnobotanydb/ethnobotany.php?b=d&ID=painu,Bishop Museum - Ethnobotany Database,200,2025-08-16T02:34:54.637731Z,
https://data.bishopmuseum.org/ethnobotanydb/ethnobotany.php?b=d&ID=pala,Bishop Museum - Ethnobotany Database,200,2025-08-16T02:34:55.230803Z,
https://data.bishopmuseum.org/ethnobotanydb/ethnobotany.php?b=d&ID=palaa,Bishop Museum - Ethnobotany Database,200,2025-08-16T02:34:55.581464Z,
https://data.bishopmuseum.org/ethnobotanydb/ethnobotany.php?b=d&ID=palapalai,Bishop Museum - Ethnobotany Database,200,2025-08-16T02:34:56.184596Z,
https://data.bishopmuseum.org/ethnobotanydb/ethnobotany.php?b=d&ID=pamoho,Bishop Museum - Ethnobotany Database,200,2025-08-16T02:34:56.540824Z,
https://data.bishopmuseum.org/ethnobotanydb/ethnobotany.php?b=d&ID=papala,Bishop Museum - Ethnobotany Database,200,2025-08-16T02:34:57.250227Z,
https://data.bishopmuseum.org/ethnobotanydb/ethnobotany.php?b=d&ID=papala_kepau,Bishop Museum - Ethnobotany Database,200,2025-08-16T02:34:57.824642Z,
https://data.bishopmuseum.org/ethnobotanydb/ethnobotany.php?b=d&ID=pia_D,Bishop Museum - Ethnobotany Database,200,2025-08-16T02:34:58.444565Z,
https://data.bishopmuseum.org/ethnobotanydb/ethnobotany.php?b=d&ID=pia_T,Bishop Museum - Ethnobotany Database,200,2025-08-16T02:34:58.830872Z,
https://data.bishopmuseum.org/ethnobotanydb/ethnobotany.php?b=d&ID=pili,Bishop Museum - Ethnobotany Database,200,2025-08-16T02:34:59.445087Z,
https://data.bishopmuseum.org/ethnobotanydb/ethnobotany.php?b=d&ID=pilo,Bishop Museum - Ethnobotany Database,200,2025-08-16T02:34:59.943742Z,
https://data.bishopmuseum.org/ethnobotanydb/ethnobotany.php?b=d&ID=pohinahina,Bishop Museum - Ethnobotany Database,200,2025-08-16T02:35:00.494093Z,
https://data.bishopmuseum.org/ethnobotanydb/ethnobotany.php?b=d&ID=pohuehue,Bishop Museum - Ethnobotany Database,200,2025-08-16T02:35:00.830566Z,
https://data.bishopmuseum.org/ethnobotanydb/ethnobotany.php?b=d&ID=popolo,Bishop Museum - Ethnobotany Database,200,2025-08-16T02:35:01.544807Z,
https://data.bishopmuseum.org/ethnobotanydb/ethnobotany.php?b=d&ID=popolokumai,Bishop Museum - Ethnobotany Database,200,2025-08-16T02:35:02.039773Z,
https://data.bishopmuseum.org/ethnobotanydb/ethnobotany.php?b=d&ID=pua_kala,Bishop Museum - Ethnobotany Database,200,2025-08-16T02:35:02.486372Z,
https://data.bishopmuseum.org/ethnobotanydb/ethnobotany.php?b=d&ID=pukiawe,Bishop Museum - Ethnobotany Database,200,2025-08-16T02:35:03.003012Z,
https://data.bishopmuseum.org/ethnobotanydb/ethnobotany.php?b=d&ID=uala,Bishop Museum - Ethnobotany Database,200,2025-08-16T02:35:03.694046Z,
https://data.bishopmuseum.org/ethnobotanydb/ethnobotany.php?b=d&ID=uhaloa,Bishop Museum - Ethnobotany Database,200,2025-08-16T02:35:04.046195Z,
https://data.bishopmuseum.org/ethnobotanydb/ethnobotany.php?b=d&ID=uhi,Bishop Museum - Ethnobotany Database,200,2025-08-16T02:35:04.496750Z,
https://data.bishopmuseum.org/ethnobotanydb/ethnobotany.php?b=d&ID=uhiuhi,Bishop Museum - Ethnobotany Database,200,2025-08-16T02:35:04.980652Z,
https://data.bishopmuseum.org/ethnobotanydb/ethnobotany.php?b=d&ID=uki,Bishop Museum - Ethnobotany Database,200,2025-08-16T02:35:05.610472Z,
https://data.bishopmuseum.org/ethnobotanydb/ethnobotany.php?b=d&ID=ukiuki,Bishop Museum - Ethnobotany Database,200,2025-08-16T02:35:06.225955Z,
https://data.bishopmuseum.org/ethnobotanydb/ethnobotany.php?b=d&ID=ulei,Bishop Museum - Ethnobotany Database,200,2025-08-16T02:35:06.771117Z,
https://data.bishopmuseum.org/ethnobotanydb/ethnobotany.php?b=d&ID=ulu,Bishop Museum - Ethnobotany Database,200,2025-08-16T02:35:07.120639Z,
https://data.bishopmuseum.org/ethnobotanydb/ethnobotany.php?b=d&ID=uluhe,Bishop Museum - Ethnobotany Database,200,2025-08-16T02:35:07.613463Z,
https://data.bishopmuseum.org/ethnobotanydb/ethnobotany.php?b=d&ID=wauke,Bishop Museum - Ethnobotany Database,200,2025-08-16T02:35:08.055721Z,
https://data.bishopmuseum.org/ethnobotanydb/ethnobotany.php?b=d&ID=wiliwili,Bishop Museum - Ethnobotany Database,200,2025-08-16T02:35:08.574236Z,
